{
  "environment": {
    "platform": "Windows-11-10.0.26200-SP0",
    "python_version": "3.12.10",
    "processor": "Intel64 Family 6 Model 183 Stepping 1, GenuineIntel",
    "cpu_count": 24
  },
  "rules": {
    "detector": "rules",
    "threshold_mode": 0.5,
    "repeats": 80,
    "measurements": {
      "benign": {
        "count": 80.0,
        "mean_ms": 0.0032175004889722914,
        "median_ms": 0.0031999661587178707,
        "p95_ms": 0.003400025889277458,
        "min_ms": 0.0030999653972685337,
        "max_ms": 0.004599976819008589
      },
      "attack": {
        "count": 80.0,
        "mean_ms": 0.0008874994819052517,
        "median_ms": 0.000900006853044033,
        "p95_ms": 0.00100000761449337,
        "min_ms": 0.0007999478839337826,
        "max_ms": 0.001900014467537403
      }
    }
  },
  "lora": {
    "error": "Failed to load local model files. Ensure the HF cache is populated or provide local weights in the cache."
  }
}