{
  "auroc": 0.9962250310381693,
  "auprc": 0.9995931038985996,
  "mean_pos_score": 0.990031625309914,
  "mean_neg_score": 0.042136829288716295,
  "n_pos": 32083,
  "n_neg": 3147
}