{
  "auroc": 0.9982612601244982,
  "auprc": 0.9982747941666785,
  "mean_pos_score": 0.9723925018346726,
  "mean_neg_score": 0.017756755670379532,
  "n_pos": 3024,
  "n_neg": 3082
}