{
  "auroc": 0.9951416528156072,
  "auprc": 0.9994791508075305,
  "mean_pos_score": 0.9887683685983681,
  "mean_neg_score": 0.05597566888074983,
  "n_pos": 32083,
  "n_neg": 3147
}