{
  "auroc": 0.9180581323438467,
  "auprc": 0.9155117163667945,
  "mean_pos_score": 0.9806069305561709,
  "mean_neg_score": 0.6915588203618037,
  "n_pos": 99,
  "n_neg": 98
}