{
  "auroc": 0.8995052566481139,
  "auprc": 0.9004333546938652,
  "mean_pos_score": 0.9832053313953708,
  "mean_neg_score": 0.7332221169442851,
  "n_pos": 99,
  "n_neg": 98
}